schema_id,test_id,tokens_checked,num_tokens,rejection_ratio,first_rejected_token_index
Github_medium---o10078.json,Github_medium---o10078.json::test_00001,65,133,0.488722,64
Github_medium---o1050.json,Github_medium---o1050.json::test_00000,114,131,0.870229,113
Github_medium---o1050.json,Github_medium---o1050.json::test_00001,114,132,0.863636,113
Github_medium---o10505.json,Github_medium---o10505.json::test_00000,26,154,0.168831,25
Github_medium---o11795.json,Github_medium---o11795.json::test_00000,259,266,0.973684,258
Github_medium---o12210.json,Github_medium---o12210.json::test_00000,2,197,0.0101523,1
Github_medium---o12210.json,Github_medium---o12210.json::test_00007,181,201,0.900498,180
Github_medium---o12456.json,Github_medium---o12456.json::test_00000,165,381,0.433071,164
Github_medium---o12456.json,Github_medium---o12456.json::test_00001,163,379,0.430079,162
Github_medium---o12623.json,Github_medium---o12623.json::test_00000,319,528,0.604167,318
Github_medium---o12623.json,Github_medium---o12623.json::test_00003,364,574,0.634146,363
Github_medium---o13.json,Github_medium---o13.json::test_00000,68,197,0.345178,67
Github_medium---o13110.json,Github_medium---o13110.json::test_00000,20,461,0.0433839,19
Github_medium---o13138.json,Github_medium---o13138.json::test_00000,1,273,0.003663,0
Github_medium---o13402.json,Github_medium---o13402.json::test_00000,31,144,0.215278,30
Github_medium---o13402.json,Github_medium---o13402.json::test_00001,31,143,0.216783,30
Github_medium---o13404.json,Github_medium---o13404.json::test_00000,234,250,0.936,233
Github_medium---o13404.json,Github_medium---o13404.json::test_00002,206,215,0.95814,205
Github_medium---o13692.json,Github_medium---o13692.json::test_00000,94,167,0.562874,93
Github_medium---o14458.json,Github_medium---o14458.json::test_00000,248,367,0.675749,247
Github_medium---o14459.json,Github_medium---o14459.json::test_00000,160,167,0.958084,159
Github_medium---o14459.json,Github_medium---o14459.json::test_00002,221,228,0.969298,220
Github_medium---o14473.json,Github_medium---o14473.json::test_00000,228,260,0.876923,227
Github_medium---o14475.json,Github_medium---o14475.json::test_00003,243,275,0.883636,242
Github_medium---o14478.json,Github_medium---o14478.json::test_00000,74,163,0.453988,73
Github_medium---o17121.json,Github_medium---o17121.json::test_00000,98,202,0.485149,97
Github_medium---o17121.json,Github_medium---o17121.json::test_00003,102,212,0.481132,101
Github_medium---o17990.json,Github_medium---o17990.json::test_00000,121,331,0.365559,120
Github_medium---o17990.json,Github_medium---o17990.json::test_00004,117,315,0.371429,116
Github_medium---o19337.json,Github_medium---o19337.json::test_00000,132,142,0.929577,131
Github_medium---o19337.json,Github_medium---o19337.json::test_00001,132,142,0.929577,131
Github_medium---o21093.json,Github_medium---o21093.json::test_00000,151,157,0.961783,150
Github_medium---o21095.json,Github_medium---o21095.json::test_00000,266,272,0.977941,265
Github_medium---o21100.json,Github_medium---o21100.json::test_00000,153,159,0.962264,152
Github_medium---o21849.json,Github_medium---o21849.json::test_00000,84,140,0.6,83
Github_medium---o21849.json,Github_medium---o21849.json::test_00001,84,140,0.6,83
Github_medium---o21850.json,Github_medium---o21850.json::test_00000,21,75,0.28,20
Github_medium---o21850.json,Github_medium---o21850.json::test_00001,19,91,0.208791,18
Github_medium---o21851.json,Github_medium---o21851.json::test_00000,45,75,0.6,44
Github_medium---o21851.json,Github_medium---o21851.json::test_00001,44,74,0.594595,43
Github_medium---o21852.json,Github_medium---o21852.json::test_00000,19,58,0.327586,18
Github_medium---o21852.json,Github_medium---o21852.json::test_00001,19,58,0.327586,18
Github_medium---o22449.json,Github_medium---o22449.json::test_00000,23,145,0.158621,22
Github_medium---o227.json,Github_medium---o227.json::test_00000,217,234,0.92735,216
Github_medium---o227.json,Github_medium---o227.json::test_00001,218,235,0.92766,217
Github_medium---o23087.json,Github_medium---o23087.json::test_00002,66,78,0.846154,65
Github_medium---o24462.json,Github_medium---o24462.json::test_00000,332,351,0.945869,331
Github_medium---o24462.json,Github_medium---o24462.json::test_00004,316,335,0.943284,315
Github_medium---o24464.json,Github_medium---o24464.json::test_00000,40,463,0.0863931,39
Github_medium---o24464.json,Github_medium---o24464.json::test_00004,40,438,0.0913242,39
Github_medium---o24468.json,Github_medium---o24468.json::test_00000,147,209,0.703349,146
Github_medium---o24468.json,Github_medium---o24468.json::test_00007,148,210,0.704762,147
Github_medium---o25692.json,Github_medium---o25692.json::test_00000,40,241,0.165975,39
Github_medium---o25692.json,Github_medium---o25692.json::test_00001,37,228,0.162281,36
Github_medium---o25695.json,Github_medium---o25695.json::test_00000,39,195,0.2,38
Github_medium---o25695.json,Github_medium---o25695.json::test_00001,39,197,0.19797,38
Github_medium---o25763.json,Github_medium---o25763.json::test_00000,47,154,0.305195,46
Github_medium---o25763.json,Github_medium---o25763.json::test_00001,47,154,0.305195,46
Github_medium---o25768.json,Github_medium---o25768.json::test_00000,21,143,0.146853,20
Github_medium---o25768.json,Github_medium---o25768.json::test_00001,21,142,0.147887,20
Github_medium---o25771.json,Github_medium---o25771.json::test_00000,26,148,0.175676,25
Github_medium---o25771.json,Github_medium---o25771.json::test_00001,26,147,0.176871,25
Github_medium---o26197.json,Github_medium---o26197.json::test_00000,177,195,0.907692,176
Github_medium---o26197.json,Github_medium---o26197.json::test_00001,177,195,0.907692,176
Github_medium---o26257.json,Github_medium---o26257.json::test_00000,58,247,0.234818,57
Github_medium---o26257.json,Github_medium---o26257.json::test_00004,58,224,0.258929,57
Github_medium---o26592.json,Github_medium---o26592.json::test_00000,197,227,0.867841,196
Github_medium---o27148.json,Github_medium---o27148.json::test_00000,2,125,0.016,1
Github_medium---o29932.json,Github_medium---o29932.json::test_00000,12,223,0.0538117,11
Github_medium---o29934.json,Github_medium---o29934.json::test_00000,37,175,0.211429,36
Github_medium---o29941.json,Github_medium---o29941.json::test_00000,33,217,0.152074,32
Github_medium---o29991.json,Github_medium---o29991.json::test_00000,3,81,0.037037,2
Github_medium---o30027.json,Github_medium---o30027.json::test_00000,3,205,0.0146341,2
Github_medium---o30042.json,Github_medium---o30042.json::test_00000,26,198,0.131313,25
Github_medium---o30045.json,Github_medium---o30045.json::test_00000,26,152,0.171053,25
Github_medium---o30059.json,Github_medium---o30059.json::test_00000,26,256,0.101562,25
Github_medium---o30062.json,Github_medium---o30062.json::test_00000,26,169,0.153846,25
Github_medium---o30212.json,Github_medium---o30212.json::test_00000,3,237,0.0126582,2
Github_medium---o30213.json,Github_medium---o30213.json::test_00000,83,183,0.453552,82
Github_medium---o30265.json,Github_medium---o30265.json::test_00000,9,116,0.0775862,8
Github_medium---o30271.json,Github_medium---o30271.json::test_00000,3,83,0.0361446,2
Github_medium---o30308.json,Github_medium---o30308.json::test_00000,12,131,0.0916031,11
Github_medium---o30309.json,Github_medium---o30309.json::test_00000,3,115,0.026087,2
Github_medium---o30322.json,Github_medium---o30322.json::test_00000,3,113,0.0265487,2
Github_medium---o30398.json,Github_medium---o30398.json::test_00000,19,118,0.161017,18
Github_medium---o30410.json,Github_medium---o30410.json::test_00000,3,199,0.0150754,2
Github_medium---o30411.json,Github_medium---o30411.json::test_00000,11,104,0.105769,10
Github_medium---o30439.json,Github_medium---o30439.json::test_00000,3,196,0.0153061,2
Github_medium---o30506.json,Github_medium---o30506.json::test_00000,3,118,0.0254237,2
Github_medium---o30510.json,Github_medium---o30510.json::test_00000,3,93,0.0322581,2
Github_medium---o30518.json,Github_medium---o30518.json::test_00000,3,298,0.0100671,2
Github_medium---o30538.json,Github_medium---o30538.json::test_00000,15,176,0.0852273,14
Github_medium---o30651.json,Github_medium---o30651.json::test_00000,135,151,0.89404,134
Github_medium---o30734.json,Github_medium---o30734.json::test_00000,19,296,0.0641892,18
Github_medium---o30735.json,Github_medium---o30735.json::test_00000,36,358,0.100559,35
Github_medium---o30761.json,Github_medium---o30761.json::test_00000,3,140,0.0214286,2
Github_medium---o30776.json,Github_medium---o30776.json::test_00000,70,134,0.522388,69
Github_medium---o30832.json,Github_medium---o30832.json::test_00000,232,295,0.786441,231
Github_medium---o30847.json,Github_medium---o30847.json::test_00000,23,189,0.121693,22
Github_medium---o30856.json,Github_medium---o30856.json::test_00000,17,95,0.178947,16
Github_medium---o30867.json,Github_medium---o30867.json::test_00000,3,136,0.0220588,2
Github_medium---o30871.json,Github_medium---o30871.json::test_00000,9,104,0.0865385,8
Github_medium---o30877.json,Github_medium---o30877.json::test_00000,3,156,0.0192308,2
Github_medium---o30911.json,Github_medium---o30911.json::test_00000,3,325,0.00923077,2
Github_medium---o30922.json,Github_medium---o30922.json::test_00000,3,509,0.00589391,2
Github_medium---o30959.json,Github_medium---o30959.json::test_00000,177,399,0.443609,176
Github_medium---o30962.json,Github_medium---o30962.json::test_00000,9,90,0.1,8
Github_medium---o31058.json,Github_medium---o31058.json::test_00000,3,107,0.0280374,2
Github_medium---o31089.json,Github_medium---o31089.json::test_00000,3,76,0.0394737,2
Github_medium---o31090.json,Github_medium---o31090.json::test_00000,9,139,0.0647482,8
Github_medium---o31100.json,Github_medium---o31100.json::test_00000,5,337,0.0148368,4
Github_medium---o31109.json,Github_medium---o31109.json::test_00000,9,81,0.111111,8
Github_medium---o31132.json,Github_medium---o31132.json::test_00000,3,73,0.0410959,2
Github_medium---o31136.json,Github_medium---o31136.json::test_00000,3,192,0.015625,2
Github_medium---o31244.json,Github_medium---o31244.json::test_00000,309,331,0.933535,308
Github_medium---o32011.json,Github_medium---o32011.json::test_00000,74,287,0.25784,73
Github_medium---o32648.json,Github_medium---o32648.json::test_00000,65,102,0.637255,64
Github_medium---o32648.json,Github_medium---o32648.json::test_00001,71,114,0.622807,70
Github_medium---o32806.json,Github_medium---o32806.json::test_00000,108,160,0.675,107
Github_medium---o32806.json,Github_medium---o32806.json::test_00001,112,164,0.682927,111
Github_medium---o3385.json,Github_medium---o3385.json::test_00000,24,293,0.0819113,23
Github_medium---o3385.json,Github_medium---o3385.json::test_00003,24,350,0.0685714,23
Github_medium---o33932.json,Github_medium---o33932.json::test_00004,27,354,0.0762712,26
Github_medium---o33963.json,Github_medium---o33963.json::test_00000,195,228,0.855263,194
Github_medium---o33963.json,Github_medium---o33963.json::test_00004,64,230,0.278261,63
Github_medium---o33964.json,Github_medium---o33964.json::test_00000,225,246,0.914634,224
Github_medium---o33964.json,Github_medium---o33964.json::test_00005,205,226,0.90708,204
Github_medium---o3439.json,Github_medium---o3439.json::test_00000,12,159,0.0754717,11
Github_medium---o3439.json,Github_medium---o3439.json::test_00004,167,183,0.912568,166
Github_medium---o35815.json,Github_medium---o35815.json::test_00000,91,114,0.798246,90
Github_medium---o35815.json,Github_medium---o35815.json::test_00002,91,115,0.791304,90
Github_medium---o35868.json,Github_medium---o35868.json::test_00000,79,270,0.292593,78
Github_medium---o35868.json,Github_medium---o35868.json::test_00001,86,286,0.300699,85
Github_medium---o3626.json,Github_medium---o3626.json::test_00000,12,79,0.151899,11
Github_medium---o3626.json,Github_medium---o3626.json::test_00001,12,92,0.130435,11
Github_medium---o36591.json,Github_medium---o36591.json::test_00000,60,289,0.207612,59
Github_medium---o36591.json,Github_medium---o36591.json::test_00001,61,155,0.393548,60
Github_medium---o36798.json,Github_medium---o36798.json::test_00000,11,189,0.0582011,10
Github_medium---o38619.json,Github_medium---o38619.json::test_00000,2,132,0.0151515,1
Github_medium---o38619.json,Github_medium---o38619.json::test_00001,2,134,0.0149254,1
Github_medium---o3907.json,Github_medium---o3907.json::test_00000,86,230,0.373913,85
Github_medium---o3907.json,Github_medium---o3907.json::test_00002,86,230,0.373913,85
Github_medium---o39097.json,Github_medium---o39097.json::test_00000,24,194,0.123711,23
Github_medium---o39097.json,Github_medium---o39097.json::test_00003,56,185,0.302703,55
Github_medium---o39146.json,Github_medium---o39146.json::test_00000,29,146,0.19863,28
Github_medium---o41347.json,Github_medium---o41347.json::test_00000,19,33,0.575758,18
Github_medium---o41351.json,Github_medium---o41351.json::test_00000,47,60,0.783333,46
Github_medium---o41352.json,Github_medium---o41352.json::test_00000,56,69,0.811594,55
Github_medium---o41362.json,Github_medium---o41362.json::test_00000,45,47,0.957447,44
Github_medium---o41362.json,Github_medium---o41362.json::test_00001,46,48,0.958333,45
Github_medium---o41459.json,Github_medium---o41459.json::test_00000,50,52,0.961538,49
Github_medium---o41459.json,Github_medium---o41459.json::test_00001,50,68,0.735294,49
Github_medium---o41462.json,Github_medium---o41462.json::test_00000,45,47,0.957447,44
Github_medium---o41462.json,Github_medium---o41462.json::test_00001,46,64,0.71875,45
Github_medium---o41498.json,Github_medium---o41498.json::test_00000,16,137,0.116788,15
Github_medium---o41509.json,Github_medium---o41509.json::test_00000,34,49,0.693878,33
Github_medium---o41780.json,Github_medium---o41780.json::test_00000,66,199,0.331658,65
Github_medium---o42217.json,Github_medium---o42217.json::test_00000,8,212,0.0377358,7
Github_medium---o42217.json,Github_medium---o42217.json::test_00001,8,175,0.0457143,7
Github_medium---o42286.json,Github_medium---o42286.json::test_00000,97,268,0.36194,96
Github_medium---o4263.json,Github_medium---o4263.json::test_00000,80,124,0.645161,79
Github_medium---o4263.json,Github_medium---o4263.json::test_00002,82,126,0.650794,81
Github_medium---o4264.json,Github_medium---o4264.json::test_00000,98,169,0.579882,97
Github_medium---o4264.json,Github_medium---o4264.json::test_00004,101,179,0.564246,100
Github_medium---o42985.json,Github_medium---o42985.json::test_00000,60,297,0.20202,59
Github_medium---o42988.json,Github_medium---o42988.json::test_00000,1,318,0.00314465,0
Github_medium---o42988.json,Github_medium---o42988.json::test_00001,1,165,0.00606061,0
Github_medium---o44258.json,Github_medium---o44258.json::test_00000,13,31,0.419355,12
Github_medium---o44261.json,Github_medium---o44261.json::test_00000,8,55,0.145455,7
Github_medium---o45134.json,Github_medium---o45134.json::test_00000,1,392,0.00255102,0
Github_medium---o45159.json,Github_medium---o45159.json::test_00000,1,208,0.00480769,0
Github_medium---o45179.json,Github_medium---o45179.json::test_00000,1,356,0.00280899,0
Github_medium---o45184.json,Github_medium---o45184.json::test_00000,1,260,0.00384615,0
Github_medium---o45185.json,Github_medium---o45185.json::test_00000,1,187,0.00534759,0
Github_medium---o45189.json,Github_medium---o45189.json::test_00000,1,236,0.00423729,0
Github_medium---o45190.json,Github_medium---o45190.json::test_00000,1,298,0.0033557,0
Github_medium---o45198.json,Github_medium---o45198.json::test_00000,1,189,0.00529101,0
Github_medium---o45199.json,Github_medium---o45199.json::test_00000,1,356,0.00280899,0
Github_medium---o45200.json,Github_medium---o45200.json::test_00000,1,220,0.00454545,0
Github_medium---o45203.json,Github_medium---o45203.json::test_00000,1,152,0.00657895,0
Github_medium---o45211.json,Github_medium---o45211.json::test_00000,1,246,0.00406504,0
Github_medium---o45214.json,Github_medium---o45214.json::test_00000,1,301,0.00332226,0
Github_medium---o45216.json,Github_medium---o45216.json::test_00000,1,188,0.00531915,0
Github_medium---o45225.json,Github_medium---o45225.json::test_00000,1,216,0.00462963,0
Github_medium---o45226.json,Github_medium---o45226.json::test_00000,1,384,0.00260417,0
Github_medium---o45227.json,Github_medium---o45227.json::test_00000,1,334,0.00299401,0
Github_medium---o45232.json,Github_medium---o45232.json::test_00000,1,316,0.00316456,0
Github_medium---o45263.json,Github_medium---o45263.json::test_00000,125,219,0.570776,124
Github_medium---o45263.json,Github_medium---o45263.json::test_00001,108,203,0.53202,107
Github_medium---o45264.json,Github_medium---o45264.json::test_00000,39,247,0.157895,38
Github_medium---o45264.json,Github_medium---o45264.json::test_00001,41,190,0.215789,40
Github_medium---o45281.json,Github_medium---o45281.json::test_00000,52,187,0.278075,51
Github_medium---o45281.json,Github_medium---o45281.json::test_00004,52,199,0.261307,51
Github_medium---o45306.json,Github_medium---o45306.json::test_00000,196,571,0.343257,195
Github_medium---o45306.json,Github_medium---o45306.json::test_00001,190,615,0.308943,189
Github_medium---o45310.json,Github_medium---o45310.json::test_00000,13,163,0.0797546,12
Github_medium---o47263.json,Github_medium---o47263.json::test_00000,57,303,0.188119,56
Github_medium---o47943.json,Github_medium---o47943.json::test_00000,5,306,0.0163399,4
Github_medium---o47943.json,Github_medium---o47943.json::test_00003,14,373,0.0375335,13
Github_medium---o47944.json,Github_medium---o47944.json::test_00000,76,86,0.883721,75
Github_medium---o47944.json,Github_medium---o47944.json::test_00001,76,86,0.883721,75
Github_medium---o48116.json,Github_medium---o48116.json::test_00000,8,78,0.102564,7
Github_medium---o48116.json,Github_medium---o48116.json::test_00001,15,69,0.217391,14
Github_medium---o48313.json,Github_medium---o48313.json::test_00000,16,228,0.0701754,15
Github_medium---o48313.json,Github_medium---o48313.json::test_00003,16,228,0.0701754,15
Github_medium---o4832.json,Github_medium---o4832.json::test_00000,4,82,0.0487805,3
Github_medium---o4832.json,Github_medium---o4832.json::test_00001,4,84,0.047619,3
Github_medium---o4833.json,Github_medium---o4833.json::test_00000,12,134,0.0895522,11
Github_medium---o4833.json,Github_medium---o4833.json::test_00001,13,153,0.0849673,12
Github_medium---o4836.json,Github_medium---o4836.json::test_00000,4,48,0.0833333,3
Github_medium---o4837.json,Github_medium---o4837.json::test_00000,4,39,0.102564,3
Github_medium---o4837.json,Github_medium---o4837.json::test_00001,4,88,0.0454545,3
Github_medium---o4838.json,Github_medium---o4838.json::test_00000,29,181,0.160221,28
Github_medium---o4838.json,Github_medium---o4838.json::test_00001,34,219,0.155251,33
Github_medium---o4841.json,Github_medium---o4841.json::test_00000,12,177,0.0677966,11
Github_medium---o4841.json,Github_medium---o4841.json::test_00001,12,177,0.0677966,11
Github_medium---o4842.json,Github_medium---o4842.json::test_00000,28,154,0.181818,27
Github_medium---o4842.json,Github_medium---o4842.json::test_00001,29,149,0.194631,28
Github_medium---o48619.json,Github_medium---o48619.json::test_00000,40,419,0.0954654,39
Github_medium---o50479.json,Github_medium---o50479.json::test_00000,158,304,0.519737,157
Github_medium---o50479.json,Github_medium---o50479.json::test_00001,179,365,0.490411,178
Github_medium---o5343.json,Github_medium---o5343.json::test_00000,216,295,0.732203,215
Github_medium---o53523.json,Github_medium---o53523.json::test_00000,28,304,0.0921053,27
Github_medium---o53523.json,Github_medium---o53523.json::test_00001,28,236,0.118644,27
Github_medium---o5355.json,Github_medium---o5355.json::test_00000,172,248,0.693548,171
Github_medium---o5355.json,Github_medium---o5355.json::test_00004,174,208,0.836538,173
Github_medium---o5359.json,Github_medium---o5359.json::test_00000,185,261,0.708812,184
Github_medium---o5372.json,Github_medium---o5372.json::test_00000,207,283,0.731449,206
Github_medium---o5375.json,Github_medium---o5375.json::test_00000,206,284,0.725352,205
Github_medium---o5393.json,Github_medium---o5393.json::test_00000,196,282,0.695035,195
Github_medium---o5393.json,Github_medium---o5393.json::test_00004,179,257,0.696498,178
Github_medium---o54973.json,Github_medium---o54973.json::test_00000,169,190,0.889474,168
Github_medium---o55244.json,Github_medium---o55244.json::test_00000,2,134,0.0149254,1
Github_medium---o55244.json,Github_medium---o55244.json::test_00001,2,156,0.0128205,1
Github_medium---o55595.json,Github_medium---o55595.json::test_00000,89,237,0.375527,88
Github_medium---o55595.json,Github_medium---o55595.json::test_00006,85,149,0.57047,84
Github_medium---o56041.json,Github_medium---o56041.json::test_00000,52,123,0.422764,51
Github_medium---o56041.json,Github_medium---o56041.json::test_00001,51,135,0.377778,50
Github_medium---o56043.json,Github_medium---o56043.json::test_00001,68,91,0.747253,67
Github_medium---o56232.json,Github_medium---o56232.json::test_00000,44,135,0.325926,43
Github_medium---o56232.json,Github_medium---o56232.json::test_00001,39,170,0.229412,38
Github_medium---o56748.json,Github_medium---o56748.json::test_00000,2,113,0.0176991,1
Github_medium---o56748.json,Github_medium---o56748.json::test_00001,52,112,0.464286,51
Github_medium---o57539.json,Github_medium---o57539.json::test_00001,195,348,0.560345,194
Github_medium---o57617.json,Github_medium---o57617.json::test_00000,206,411,0.501217,205
Github_medium---o57617.json,Github_medium---o57617.json::test_00001,170,487,0.349076,169
Github_medium---o5844.json,Github_medium---o5844.json::test_00000,147,164,0.896341,146
Github_medium---o5844.json,Github_medium---o5844.json::test_00002,133,150,0.886667,132
Github_medium---o58609.json,Github_medium---o58609.json::test_00001,49,154,0.318182,48
Github_medium---o58622.json,Github_medium---o58622.json::test_00000,131,147,0.891156,130
Github_medium---o59664.json,Github_medium---o59664.json::test_00000,2,120,0.0166667,1
Github_medium---o59664.json,Github_medium---o59664.json::test_00001,2,117,0.017094,1
Github_medium---o5988.json,Github_medium---o5988.json::test_00000,96,253,0.379447,95
Github_medium---o5988.json,Github_medium---o5988.json::test_00001,93,269,0.345725,92
Github_medium---o60227.json,Github_medium---o60227.json::test_00000,1,596,0.00167785,0
Github_medium---o60823.json,Github_medium---o60823.json::test_00000,10,235,0.0425532,9
Github_medium---o60866.json,Github_medium---o60866.json::test_00000,81,89,0.910112,80
Github_medium---o60866.json,Github_medium---o60866.json::test_00003,81,90,0.9,80
Github_medium---o60880.json,Github_medium---o60880.json::test_00000,72,151,0.476821,71
Github_medium---o60880.json,Github_medium---o60880.json::test_00001,72,151,0.476821,71
Github_medium---o61004.json,Github_medium---o61004.json::test_00000,2,134,0.0149254,1
Github_medium---o61004.json,Github_medium---o61004.json::test_00001,2,138,0.0144928,1
Github_medium---o61348.json,Github_medium---o61348.json::test_00000,33,154,0.214286,32
Github_medium---o61348.json,Github_medium---o61348.json::test_00003,24,163,0.147239,23
Github_medium---o61349.json,Github_medium---o61349.json::test_00000,60,191,0.314136,59
Github_medium---o61349.json,Github_medium---o61349.json::test_00006,8,320,0.025,7
Github_medium---o61534.json,Github_medium---o61534.json::test_00002,108,138,0.782609,107
Github_medium---o61588.json,Github_medium---o61588.json::test_00000,6,163,0.0368098,5
Github_medium---o61588.json,Github_medium---o61588.json::test_00003,6,215,0.027907,5
Github_medium---o61619.json,Github_medium---o61619.json::test_00000,26,183,0.142077,25
Github_medium---o6182.json,Github_medium---o6182.json::test_00000,129,321,0.401869,128
Github_medium---o6184.json,Github_medium---o6184.json::test_00000,17,89,0.191011,16
Github_medium---o6184.json,Github_medium---o6184.json::test_00001,17,95,0.178947,16
Github_medium---o62016.json,Github_medium---o62016.json::test_00004,106,114,0.929825,105
Github_medium---o62073.json,Github_medium---o62073.json::test_00000,4,25,0.16,3
Github_medium---o62963.json,Github_medium---o62963.json::test_00003,118,124,0.951613,117
Github_medium---o63475.json,Github_medium---o63475.json::test_00000,23,170,0.135294,22
Github_medium---o63475.json,Github_medium---o63475.json::test_00001,23,159,0.144654,22
Github_medium---o63514.json,Github_medium---o63514.json::test_00000,16,236,0.0677966,15
Github_medium---o63514.json,Github_medium---o63514.json::test_00007,16,160,0.1,15
Github_medium---o63683.json,Github_medium---o63683.json::test_00002,82,105,0.780952,81
Github_medium---o63945.json,Github_medium---o63945.json::test_00000,97,259,0.374517,96
Github_medium---o64718.json,Github_medium---o64718.json::test_00000,349,389,0.897172,348
Github_medium---o65503.json,Github_medium---o65503.json::test_00000,327,342,0.95614,326
Github_medium---o65503.json,Github_medium---o65503.json::test_00001,318,333,0.954955,317
Github_medium---o65504.json,Github_medium---o65504.json::test_00000,132,367,0.359673,131
Github_medium---o65504.json,Github_medium---o65504.json::test_00001,126,287,0.439024,125
Github_medium---o65507.json,Github_medium---o65507.json::test_00000,156,175,0.891429,155
Github_medium---o65507.json,Github_medium---o65507.json::test_00001,156,175,0.891429,155
Github_medium---o65916.json,Github_medium---o65916.json::test_00000,38,161,0.236025,37
Github_medium---o65916.json,Github_medium---o65916.json::test_00001,35,149,0.234899,34
Github_medium---o65917.json,Github_medium---o65917.json::test_00000,34,229,0.148472,33
Github_medium---o65917.json,Github_medium---o65917.json::test_00001,35,230,0.152174,34
Github_medium---o65945.json,Github_medium---o65945.json::test_00000,16,137,0.116788,15
Github_medium---o65945.json,Github_medium---o65945.json::test_00001,17,139,0.122302,16
Github_medium---o66139.json,Github_medium---o66139.json::test_00000,2,448,0.00446429,1
Github_medium---o66139.json,Github_medium---o66139.json::test_00001,2,673,0.00297177,1
Github_medium---o66149.json,Github_medium---o66149.json::test_00000,9,330,0.0272727,8
Github_medium---o66149.json,Github_medium---o66149.json::test_00001,9,337,0.0267062,8
Github_medium---o66151.json,Github_medium---o66151.json::test_00000,72,357,0.201681,71
Github_medium---o66151.json,Github_medium---o66151.json::test_00001,75,360,0.208333,74
Github_medium---o66152.json,Github_medium---o66152.json::test_00000,2,649,0.00308166,1
Github_medium---o66152.json,Github_medium---o66152.json::test_00001,2,791,0.00252845,1
Github_medium---o66186.json,Github_medium---o66186.json::test_00000,2,266,0.0075188,1
Github_medium---o66186.json,Github_medium---o66186.json::test_00001,2,256,0.0078125,1
Github_medium---o66606.json,Github_medium---o66606.json::test_00000,90,108,0.833333,89
Github_medium---o66606.json,Github_medium---o66606.json::test_00001,64,82,0.780488,63
Github_medium---o67058.json,Github_medium---o67058.json::test_00000,74,80,0.925,73
Github_medium---o67058.json,Github_medium---o67058.json::test_00002,91,97,0.938144,90
Github_medium---o67274.json,Github_medium---o67274.json::test_00000,93,161,0.57764,92
Github_medium---o67351.json,Github_medium---o67351.json::test_00000,89,96,0.927083,88
Github_medium---o68435.json,Github_medium---o68435.json::test_00000,2,232,0.00862069,1
Github_medium---o68435.json,Github_medium---o68435.json::test_00001,2,229,0.00873362,1
Github_medium---o68694.json,Github_medium---o68694.json::test_00000,2,100,0.02,1
Github_medium---o68694.json,Github_medium---o68694.json::test_00001,2,109,0.0183486,1
Github_medium---o69202.json,Github_medium---o69202.json::test_00000,2,27,0.0740741,1
Github_medium---o69248.json,Github_medium---o69248.json::test_00000,9,90,0.1,8
Github_medium---o69248.json,Github_medium---o69248.json::test_00001,9,206,0.0436893,8
Github_medium---o69319.json,Github_medium---o69319.json::test_00000,50,78,0.641026,49
Github_medium---o69319.json,Github_medium---o69319.json::test_00006,50,78,0.641026,49
Github_medium---o69741.json,Github_medium---o69741.json::test_00000,21,458,0.0458515,20
Github_medium---o69742.json,Github_medium---o69742.json::test_00000,20,195,0.102564,19
Github_medium---o69742.json,Github_medium---o69742.json::test_00003,16,212,0.0754717,15
Github_medium---o69744.json,Github_medium---o69744.json::test_00000,2,50,0.04,1
Github_medium---o69744.json,Github_medium---o69744.json::test_00002,2,61,0.0327869,1
Github_medium---o69749.json,Github_medium---o69749.json::test_00000,1,14,0.0714286,0
Github_medium---o69763.json,Github_medium---o69763.json::test_00000,35,68,0.514706,34
Github_medium---o69763.json,Github_medium---o69763.json::test_00001,54,68,0.794118,53
Github_medium---o69887.json,Github_medium---o69887.json::test_00000,51,76,0.671053,50
Github_medium---o69908.json,Github_medium---o69908.json::test_00000,19,97,0.195876,18
Github_medium---o70369.json,Github_medium---o70369.json::test_00000,42,88,0.477273,41
Github_medium---o70371.json,Github_medium---o70371.json::test_00000,51,121,0.421488,50
Github_medium---o70379.json,Github_medium---o70379.json::test_00000,68,261,0.260536,67
Github_medium---o70611.json,Github_medium---o70611.json::test_00000,32,159,0.201258,31
Github_medium---o70611.json,Github_medium---o70611.json::test_00001,32,159,0.201258,31
Github_medium---o71260.json,Github_medium---o71260.json::test_00000,121,476,0.254202,120
Github_medium---o71265.json,Github_medium---o71265.json::test_00000,23,51,0.45098,22
Github_medium---o71265.json,Github_medium---o71265.json::test_00001,28,53,0.528302,27
Github_medium---o71266.json,Github_medium---o71266.json::test_00001,23,50,0.46,22
Github_medium---o71302.json,Github_medium---o71302.json::test_00001,0,156,0,
Github_medium---o71328.json,Github_medium---o71328.json::test_00000,109,120,0.908333,108
Github_medium---o71328.json,Github_medium---o71328.json::test_00003,113,120,0.941667,112
Github_medium---o71550.json,Github_medium---o71550.json::test_00000,432,765,0.564706,431
Github_medium---o71550.json,Github_medium---o71550.json::test_00001,443,753,0.588313,442
Github_medium---o71847.json,Github_medium---o71847.json::test_00000,99,320,0.309375,98
Github_medium---o7200.json,Github_medium---o7200.json::test_00000,41,214,0.191589,40
Github_medium---o7200.json,Github_medium---o7200.json::test_00001,41,215,0.190698,40
Github_medium---o72177.json,Github_medium---o72177.json::test_00000,42,144,0.291667,41
Github_medium---o72177.json,Github_medium---o72177.json::test_00001,42,156,0.269231,41
Github_medium---o72196.json,Github_medium---o72196.json::test_00000,9,50,0.18,8
Github_medium---o72196.json,Github_medium---o72196.json::test_00001,9,50,0.18,8
Github_medium---o72203.json,Github_medium---o72203.json::test_00000,74,164,0.45122,73
Github_medium---o72203.json,Github_medium---o72203.json::test_00001,99,198,0.5,98
Github_medium---o72217.json,Github_medium---o72217.json::test_00000,100,137,0.729927,99
Github_medium---o73022.json,Github_medium---o73022.json::test_00000,185,206,0.898058,184
Github_medium---o73022.json,Github_medium---o73022.json::test_00002,194,218,0.889908,193
Github_medium---o7377.json,Github_medium---o7377.json::test_00000,90,168,0.535714,89
Github_medium---o7377.json,Github_medium---o7377.json::test_00004,83,173,0.479769,82
Github_medium---o7392.json,Github_medium---o7392.json::test_00000,24,70,0.342857,23
Github_medium---o73925.json,Github_medium---o73925.json::test_00000,10,195,0.0512821,9
Github_medium---o73925.json,Github_medium---o73925.json::test_00001,10,115,0.0869565,9
Github_medium---o73926.json,Github_medium---o73926.json::test_00000,59,256,0.230469,58
Github_medium---o73926.json,Github_medium---o73926.json::test_00001,70,288,0.243056,69
Github_medium---o73927.json,Github_medium---o73927.json::test_00000,9,173,0.0520231,8
Github_medium---o73952.json,Github_medium---o73952.json::test_00000,17,301,0.0564784,16
Github_medium---o73952.json,Github_medium---o73952.json::test_00003,17,159,0.106918,16
Github_medium---o73955.json,Github_medium---o73955.json::test_00000,18,157,0.11465,17
Github_medium---o73955.json,Github_medium---o73955.json::test_00002,18,164,0.109756,17
Github_medium---o73996.json,Github_medium---o73996.json::test_00000,98,105,0.933333,97
Github_medium---o74003.json,Github_medium---o74003.json::test_00000,14,256,0.0546875,13
Github_medium---o74003.json,Github_medium---o74003.json::test_00002,14,182,0.0769231,13
Github_medium---o74549.json,Github_medium---o74549.json::test_00000,38,221,0.171946,37
Github_medium---o74549.json,Github_medium---o74549.json::test_00001,36,262,0.137405,35
Github_medium---o74553.json,Github_medium---o74553.json::test_00000,171,271,0.630996,170
Github_medium---o74553.json,Github_medium---o74553.json::test_00005,173,275,0.629091,172
Github_medium---o74554.json,Github_medium---o74554.json::test_00002,141,162,0.87037,140
Github_medium---o74591.json,Github_medium---o74591.json::test_00000,78,153,0.509804,77
Github_medium---o74591.json,Github_medium---o74591.json::test_00004,78,152,0.513158,77
Github_medium---o7495.json,Github_medium---o7495.json::test_00000,28,121,0.231405,27
Github_medium---o75099.json,Github_medium---o75099.json::test_00000,8,43,0.186047,7
Github_medium---o75099.json,Github_medium---o75099.json::test_00001,8,48,0.166667,7
Github_medium---o75613.json,Github_medium---o75613.json::test_00000,152,195,0.779487,151
Github_medium---o75613.json,Github_medium---o75613.json::test_00004,158,272,0.580882,157
Github_medium---o7579.json,Github_medium---o7579.json::test_00000,5,97,0.0515464,4
Github_medium---o7579.json,Github_medium---o7579.json::test_00001,5,83,0.060241,4
Github_medium---o76743.json,Github_medium---o76743.json::test_00000,35,84,0.416667,34
Github_medium---o76785.json,Github_medium---o76785.json::test_00000,9,206,0.0436893,8
Github_medium---o76905.json,Github_medium---o76905.json::test_00000,111,323,0.343653,110
Github_medium---o76905.json,Github_medium---o76905.json::test_00001,111,331,0.335347,110
Github_medium---o77712.json,Github_medium---o77712.json::test_00000,59,192,0.307292,58
Github_medium---o77712.json,Github_medium---o77712.json::test_00004,61,194,0.314433,60
Github_medium---o77739.json,Github_medium---o77739.json::test_00000,2,33,0.0606061,1
Github_medium---o77739.json,Github_medium---o77739.json::test_00001,2,35,0.0571429,1
Github_medium---o78017.json,Github_medium---o78017.json::test_00000,62,70,0.885714,61
Github_medium---o78017.json,Github_medium---o78017.json::test_00004,62,70,0.885714,61
Github_medium---o78155.json,Github_medium---o78155.json::test_00000,118,141,0.836879,117
Github_medium---o78735.json,Github_medium---o78735.json::test_00000,107,147,0.727891,106
Github_medium---o79016.json,Github_medium---o79016.json::test_00000,14,42,0.333333,13
Github_medium---o79622.json,Github_medium---o79622.json::test_00000,39,273,0.142857,38
Github_medium---o80681.json,Github_medium---o80681.json::test_00000,275,291,0.945017,274
Github_medium---o80681.json,Github_medium---o80681.json::test_00001,128,133,0.962406,127
Github_medium---o82159.json,Github_medium---o82159.json::test_00000,147,262,0.561069,146
Github_medium---o82248.json,Github_medium---o82248.json::test_00000,2,332,0.0060241,1
Github_medium---o82305.json,Github_medium---o82305.json::test_00000,2,71,0.028169,1
Github_medium---o82635.json,Github_medium---o82635.json::test_00004,80,111,0.720721,79
Github_medium---o82637.json,Github_medium---o82637.json::test_00004,88,119,0.739496,87
Github_medium---o82642.json,Github_medium---o82642.json::test_00004,39,69,0.565217,38
Github_medium---o82646.json,Github_medium---o82646.json::test_00001,65,97,0.670103,64
Github_medium---o82647.json,Github_medium---o82647.json::test_00005,90,136,0.661765,89
Github_medium---o82649.json,Github_medium---o82649.json::test_00005,97,128,0.757812,96
Github_medium---o82651.json,Github_medium---o82651.json::test_00006,56,88,0.636364,55
Github_medium---o82654.json,Github_medium---o82654.json::test_00005,77,108,0.712963,76
Github_medium---o82655.json,Github_medium---o82655.json::test_00004,83,114,0.72807,82
Github_medium---o82657.json,Github_medium---o82657.json::test_00004,90,121,0.743802,89
Github_medium---o82663.json,Github_medium---o82663.json::test_00000,2,100,0.02,1
Github_medium---o82663.json,Github_medium---o82663.json::test_00005,69,101,0.683168,68
Github_medium---o82671.json,Github_medium---o82671.json::test_00000,13,58,0.224138,12
Github_medium---o82674.json,Github_medium---o82674.json::test_00004,48,80,0.6,47
Github_medium---o82676.json,Github_medium---o82676.json::test_00006,56,88,0.636364,55
Github_medium---o82678.json,Github_medium---o82678.json::test_00000,2,83,0.0240964,1
Github_medium---o82678.json,Github_medium---o82678.json::test_00004,52,84,0.619048,51
Github_medium---o82682.json,Github_medium---o82682.json::test_00005,62,95,0.652632,61
Github_medium---o82694.json,Github_medium---o82694.json::test_00000,11,93,0.11828,10
Github_medium---o82704.json,Github_medium---o82704.json::test_00005,62,95,0.652632,61
Github_medium---o82708.json,Github_medium---o82708.json::test_00005,103,134,0.768657,102
Github_medium---o82710.json,Github_medium---o82710.json::test_00000,9,124,0.0725806,8
Github_medium---o82712.json,Github_medium---o82712.json::test_00006,76,110,0.690909,75
Github_medium---o82714.json,Github_medium---o82714.json::test_00000,12,81,0.148148,11
Github_medium---o83276.json,Github_medium---o83276.json::test_00000,19,92,0.206522,18
Github_medium---o83276.json,Github_medium---o83276.json::test_00001,19,92,0.206522,18
Github_medium---o83391.json,Github_medium---o83391.json::test_00000,35,408,0.0857843,34
Github_medium---o83391.json,Github_medium---o83391.json::test_00001,35,366,0.0956284,34
Github_medium---o84268.json,Github_medium---o84268.json::test_00000,64,167,0.383234,63
Github_medium---o84268.json,Github_medium---o84268.json::test_00004,64,175,0.365714,63
Github_medium---o84344.json,Github_medium---o84344.json::test_00000,98,105,0.933333,97
Github_medium---o8489.json,Github_medium---o8489.json::test_00000,51,217,0.235023,50
Github_medium---o85090.json,Github_medium---o85090.json::test_00000,137,302,0.453642,136
Github_medium---o85188.json,Github_medium---o85188.json::test_00000,2,191,0.0104712,1
Github_medium---o85188.json,Github_medium---o85188.json::test_00001,2,191,0.0104712,1
Github_medium---o85190.json,Github_medium---o85190.json::test_00000,5,39,0.128205,4
Github_medium---o85208.json,Github_medium---o85208.json::test_00000,86,96,0.895833,85
Github_medium---o85208.json,Github_medium---o85208.json::test_00001,59,130,0.453846,58
Github_medium---o89230.json,Github_medium---o89230.json::test_00002,48,70,0.685714,47
Github_medium---o89532.json,Github_medium---o89532.json::test_00000,178,188,0.946809,177
Github_medium---o89606.json,Github_medium---o89606.json::test_00000,2,101,0.019802,1
Github_medium---o89606.json,Github_medium---o89606.json::test_00001,2,101,0.019802,1
Github_medium---o89888.json,Github_medium---o89888.json::test_00000,190,266,0.714286,189
Github_medium---o89891.json,Github_medium---o89891.json::test_00000,179,255,0.701961,178
Github_medium---o89892.json,Github_medium---o89892.json::test_00000,184,261,0.704981,183
Github_medium---o89893.json,Github_medium---o89893.json::test_00000,216,292,0.739726,215
Github_medium---o89894.json,Github_medium---o89894.json::test_00000,172,260,0.661538,171
Github_medium---o90648.json,Github_medium---o90648.json::test_00000,60,97,0.618557,59
Github_medium---o90771.json,Github_medium---o90771.json::test_00000,17,77,0.220779,16
Github_medium---o90904.json,Github_medium---o90904.json::test_00000,2,402,0.00497512,1
Github_medium---o90904.json,Github_medium---o90904.json::test_00001,2,378,0.00529101,1
Github_medium---o90913.json,Github_medium---o90913.json::test_00000,11,151,0.0728477,10
Github_medium---o90913.json,Github_medium---o90913.json::test_00001,20,147,0.136054,19
Github_medium---o90940.json,Github_medium---o90940.json::test_00001,178,193,0.92228,177
Github_medium---o90951.json,Github_medium---o90951.json::test_00000,2,75,0.0266667,1
Github_medium---o90951.json,Github_medium---o90951.json::test_00001,2,75,0.0266667,1
Github_medium---o91129.json,Github_medium---o91129.json::test_00000,86,118,0.728814,85
Github_medium---o91129.json,Github_medium---o91129.json::test_00001,88,120,0.733333,87
Github_medium---o91132.json,Github_medium---o91132.json::test_00000,124,183,0.677596,123
Github_medium---o91132.json,Github_medium---o91132.json::test_00001,122,180,0.677778,121
Github_medium---o9187.json,Github_medium---o9187.json::test_00000,11,135,0.0814815,10
Github_medium---o9187.json,Github_medium---o9187.json::test_00003,11,152,0.0723684,10
Github_medium---o9207.json,Github_medium---o9207.json::test_00000,39,71,0.549296,38
Github_medium---o9358.json,Github_medium---o9358.json::test_00000,2,117,0.017094,1
Github_medium---o9371.json,Github_medium---o9371.json::test_00000,2,140,0.0142857,1
Github_medium---o9371.json,Github_medium---o9371.json::test_00001,2,140,0.0142857,1
Github_medium---o9819.json,Github_medium---o9819.json::test_00000,55,242,0.227273,54
Github_medium---o9902.json,Github_medium---o9902.json::test_00000,225,233,0.965665,224
Github_medium---o9902.json,Github_medium---o9902.json::test_00001,229,237,0.966245,228
